customer_id,plan,monthly_revenue,account_age_months,renewal_days,logins_30d,usage_drop_percent,days_since_last_login,support_tickets_30d,unresolved_tickets,payment_failures_90d,satisfaction_score,previous_risk,churned
CUST-1001,Growth,969.45,51,32,25,0.0,2,0,0,0,9.9,0.01,0
CUST-1002,Starter,152.87,34,211,14,21.2,12,2,0,0,5.6,0.01,0
CUST-1003,Enterprise,2823.81,54,335,16,7.5,4,0,0,0,5.7,0.1083,0
CUST-1004,Growth,638.76,18,295,25,11.3,16,0,0,0,9.8,0.01,0
CUST-1005,Starter,142.06,10,338,22,1.7,7,2,0,0,8.2,0.01,0
CUST-1006,Enterprise,1929.41,66,63,17,14.9,4,0,0,0,10.0,0.01,0
CUST-1007,Growth,732.1,95,293,14,51.1,7,1,1,0,6.5,0.0195,0
CUST-1008,Growth,511.32,82,358,16,0.0,21,6,4,0,7.4,0.01,0
CUST-1009,Starter,179.52,57,120,20,0.0,19,0,0,0,6.1,0.01,0
CUST-1010,Starter,201.91,5,183,11,0.0,21,1,1,1,7.4,0.0412,0
CUST-1011,Starter,165.1,95,194,23,49.1,12,4,1,0,4.4,0.01,0
CUST-1012,Enterprise,2215.15,44,181,24,9.7,14,2,1,0,8.3,0.0935,0
CUST-1013,Growth,736.97,29,106,24,17.5,5,3,3,2,7.7,0.1535,0
CUST-1014,Growth,595.26,86,355,17,10.7,18,2,1,0,7.1,0.1251,0
CUST-1015,Starter,193.62,72,350,19,1.0,22,1,1,0,6.6,0.01,0
CUST-1016,Starter,89.22,73,139,15,13.8,3,0,0,0,5.8,0.01,0
CUST-1017,Growth,590.79,28,294,16,62.2,7,1,1,1,8.4,0.1456,0
CUST-1018,Starter,85.33,96,146,13,43.1,6,1,1,1,5.3,0.1282,1
CUST-1019,Growth,427.01,45,291,16,2.6,5,1,1,0,8.0,0.0744,0
CUST-1020,Growth,950.81,52,214,15,29.7,11,1,1,1,10.0,0.01,0
CUST-1021,Growth,833.88,73,172,27,3.0,13,2,1,1,9.6,0.0542,0
CUST-1022,Starter,121.81,64,47,23,0.0,7,3,3,1,4.8,0.01,0
CUST-1023,Enterprise,1575.81,18,239,11,36.4,8,0,0,0,6.3,0.1253,0
CUST-1024,Enterprise,1046.45,30,118,19,38.9,21,2,2,1,7.9,0.1651,0
CUST-1025,Growth,557.38,36,80,18,36.8,9,3,1,0,7.1,0.1179,1
CUST-1026,Starter,293.44,92,71,20,9.5,1,1,1,1,5.0,0.0336,0
CUST-1027,Starter,168.29,69,359,13,15.0,19,1,1,1,7.8,0.1862,0
CUST-1028,Starter,127.39,36,38,25,31.5,5,3,0,0,7.2,0.01,0
CUST-1029,Starter,169.72,71,292,18,25.0,30,1,1,0,10.0,0.01,0
CUST-1030,Growth,419.21,72,317,17,10.9,6,4,3,0,6.8,0.01,0
CUST-1031,Growth,597.16,39,12,16,0.0,5,1,1,1,9.1,0.01,0
CUST-1032,Enterprise,2467.79,40,216,15,20.0,3,1,1,0,5.2,0.01,0
CUST-1033,Starter,145.45,86,211,29,37.4,7,2,0,0,5.6,0.0759,0
CUST-1034,Starter,185.93,55,131,24,0.0,8,0,0,0,8.4,0.01,0
CUST-1035,Starter,164.1,16,244,14,29.5,7,0,0,0,8.9,0.01,0
CUST-1036,Starter,179.66,70,150,23,24.0,6,1,1,1,5.7,0.0576,0
CUST-1037,Starter,122.88,58,161,26,31.5,14,1,1,1,7.2,0.01,1
CUST-1038,Starter,191.59,50,158,21,33.7,7,1,0,0,5.0,0.2244,0
CUST-1039,Starter,235.11,70,293,15,5.5,15,1,1,0,6.9,0.01,0
CUST-1040,Growth,494.62,88,232,31,0.0,19,0,0,1,8.5,0.01,0
CUST-1041,Starter,116.21,33,139,18,8.4,14,1,0,0,6.5,0.0861,0
CUST-1042,Enterprise,3488.56,41,339,16,34.0,4,3,1,0,6.8,0.0113,0
CUST-1043,Growth,615.14,20,293,23,8.2,7,3,3,1,5.4,0.354,0
CUST-1044,Starter,220.75,63,341,24,5.5,9,1,1,1,6.2,0.0106,0
CUST-1045,Enterprise,2120.3,40,267,15,0.0,21,0,0,1,10.0,0.0947,0
CUST-1046,Growth,975.4,34,143,23,49.5,9,3,2,0,7.3,0.1916,0
CUST-1047,Starter,154.59,68,283,18,32.9,22,2,1,0,5.6,0.0345,0
CUST-1048,Starter,160.17,40,121,17,31.9,2,1,1,0,6.7,0.01,0
CUST-1049,Growth,1005.82,46,99,15,35.4,11,5,1,0,4.6,0.1327,0
CUST-1050,Starter,134.65,43,165,19,28.4,19,0,0,0,5.6,0.0876,1
CUST-1051,Starter,114.48,26,354,21,13.6,15,1,1,0,9.4,0.01,0
CUST-1052,Starter,131.41,13,208,18,15.1,6,2,1,0,7.0,0.01,0
CUST-1053,Growth,736.63,80,141,15,10.3,10,2,2,1,10.0,0.01,0
CUST-1054,Growth,418.64,10,169,22,65.4,1,0,0,0,7.0,0.1045,0
CUST-1055,Growth,775.82,32,107,19,28.0,10,1,0,0,7.1,0.01,1
CUST-1056,Growth,558.12,65,241,14,9.7,8,3,3,1,8.2,0.01,0
CUST-1057,Starter,205.48,14,128,16,26.4,4,1,0,0,2.9,0.01,0
CUST-1058,Growth,331.97,64,203,16,0.0,8,3,3,0,7.5,0.01,0
CUST-1059,Starter,119.55,71,135,16,45.1,30,5,0,0,7.1,0.01,0
CUST-1060,Starter,92.92,64,118,28,6.1,2,3,2,0,9.6,0.01,0
CUST-1061,Growth,514.96,30,355,15,27.0,12,1,0,0,8.7,0.0103,0
CUST-1062,Starter,159.7,3,127,18,37.2,15,3,3,0,5.4,0.2864,0
CUST-1063,Growth,617.23,86,26,14,24.9,11,1,1,0,9.2,0.2658,0
CUST-1064,Growth,604.55,33,139,23,19.7,18,3,0,0,6.8,0.0105,0
CUST-1065,Growth,620.71,78,195,26,18.2,8,0,0,0,5.8,0.1189,0
CUST-1066,Growth,687.03,20,35,24,17.0,6,2,2,0,7.5,0.01,0
CUST-1067,Growth,489.33,17,112,16,7.6,4,0,0,0,6.9,0.01,0
CUST-1068,Starter,181.61,75,61,23,9.9,10,1,0,0,9.7,0.01,0
CUST-1069,Starter,179.38,91,183,22,44.6,12,1,1,0,7.7,0.01,0
CUST-1070,Starter,165.96,83,264,25,16.0,14,2,0,0,7.5,0.01,0
CUST-1071,Starter,174.13,73,354,22,3.9,10,1,0,0,8.6,0.01,0
CUST-1072,Starter,161.89,25,143,22,8.7,13,0,0,0,8.9,0.01,0
CUST-1073,Enterprise,4243.08,88,316,13,37.8,8,1,0,0,8.5,0.1955,0
CUST-1074,Starter,145.41,65,79,19,30.2,2,2,1,0,9.5,0.01,0
CUST-1075,Starter,136.72,18,285,20,28.1,10,0,0,0,8.2,0.01,0
CUST-1076,Starter,120.66,14,206,15,13.4,16,4,2,0,7.5,0.1092,0
CUST-1077,Starter,111.6,84,277,21,28.3,4,2,2,0,9.2,0.01,0
CUST-1078,Growth,458.05,28,276,17,6.4,12,2,0,1,7.1,0.141,0
CUST-1079,Growth,506.02,74,195,12,13.3,33,2,2,0,7.3,0.01,0
CUST-1080,Growth,636.28,15,94,25,35.5,9,0,0,1,10.0,0.01,0
CUST-1081,Growth,712.68,28,193,23,33.7,10,2,0,0,9.8,0.051,0
CUST-1082,Starter,151.15,28,302,16,0.3,2,1,0,0,7.2,0.0625,0
CUST-1083,Growth,523.79,28,355,17,2.6,4,0,0,2,6.5,0.1564,0
CUST-1084,Starter,191.71,66,339,21,20.0,5,3,0,1,9.5,0.01,0
CUST-1085,Starter,183.27,88,67,22,49.1,15,3,0,0,8.5,0.0952,0
CUST-1086,Starter,142.49,88,219,19,0.0,5,0,0,0,7.7,0.0777,0
CUST-1087,Growth,540.57,72,39,17,23.0,13,1,1,0,6.7,0.0571,0
CUST-1088,Starter,173.73,21,245,28,0.0,5,2,2,0,7.7,0.01,0
CUST-1089,Starter,157.05,93,363,22,6.6,2,2,2,1,7.2,0.01,0
CUST-1090,Growth,432.66,53,20,25,11.4,17,3,3,0,6.1,0.1929,0
CUST-1091,Starter,146.19,53,240,19,10.4,7,1,1,0,7.4,0.01,0
CUST-1092,Growth,698.41,68,346,15,8.4,14,2,0,0,7.6,0.01,0
CUST-1093,Starter,115.82,75,310,22,18.1,2,2,1,0,6.6,0.1416,0
CUST-1094,Starter,157.13,92,144,22,8.4,1,1,1,1,8.6,0.01,0
CUST-1095,Starter,99.15,57,38,19,0.0,11,2,0,0,9.3,0.168,0
CUST-1096,Growth,943.47,59,338,21,32.0,4,1,0,0,8.8,0.01,0
CUST-1097,Starter,211.32,72,337,25,31.6,11,1,1,2,6.8,0.1581,0
CUST-1098,Starter,138.83,26,212,17,33.2,11,6,0,0,8.4,0.01,0
CUST-1099,Starter,164.96,31,358,17,0.0,10,3,3,0,7.3,0.01,0
CUST-1100,Enterprise,1222.25,61,2,15,23.4,21,2,2,1,5.2,0.3812,1
CUST-1101,Enterprise,1736.19,8,226,13,30.2,13,2,1,1,8.3,0.1682,0
CUST-1102,Growth,597.75,32,15,20,0.0,33,1,1,0,7.4,0.0991,0
CUST-1103,Starter,110.36,70,342,21,18.2,8,4,0,0,10.0,0.01,0
CUST-1104,Enterprise,2931.46,94,249,22,15.9,3,3,1,0,9.5,0.01,0
CUST-1105,Growth,1135.33,51,334,17,51.2,6,0,0,0,8.3,0.01,0
CUST-1106,Growth,466.84,39,206,14,52.6,8,4,4,0,7.6,0.5682,1
CUST-1107,Starter,117.86,43,31,16,0.0,35,1,1,0,7.5,0.01,0
CUST-1108,Starter,159.15,67,10,17,62.9,11,0,0,1,5.6,0.5176,0
CUST-1109,Starter,233.94,53,123,24,1.5,21,2,1,1,4.4,0.01,0
CUST-1110,Enterprise,1704.38,4,272,23,35.7,7,2,2,0,5.8,0.0281,0
CUST-1111,Starter,159.76,53,56,15,35.5,6,1,1,0,7.1,0.1111,1
CUST-1112,Starter,248.12,40,312,26,0.1,2,3,0,0,3.8,0.01,0
CUST-1113,Starter,93.83,68,88,20,26.9,34,1,1,0,6.3,0.2985,1
CUST-1114,Growth,453.38,85,182,20,16.1,26,1,1,0,6.8,0.013,0
CUST-1115,Starter,132.33,93,75,20,28.0,12,2,1,0,6.9,0.0921,0
CUST-1116,Enterprise,2074.47,59,171,13,22.2,8,2,2,1,6.1,0.0631,0
CUST-1117,Growth,814.81,36,166,21,39.5,11,1,1,3,6.7,0.4273,0
CUST-1118,Growth,694.43,44,2,11,19.4,3,0,0,2,10.0,0.2136,0
CUST-1119,Starter,90.65,18,208,18,15.0,14,1,1,0,8.3,0.01,0
CUST-1120,Growth,749.76,90,288,15,37.7,25,3,1,0,6.3,0.2715,1
CUST-1121,Growth,552.1,82,342,22,28.4,26,1,1,1,7.1,0.01,0
CUST-1122,Growth,927.3,83,121,24,31.2,2,2,2,0,7.2,0.1174,0
CUST-1123,Starter,124.99,33,322,23,6.0,21,0,0,0,6.0,0.0565,0
CUST-1124,Starter,124.67,32,321,19,0.0,3,3,2,0,6.0,0.01,0
CUST-1125,Starter,173.38,83,361,27,7.8,1,1,1,0,8.8,0.0136,0
CUST-1126,Growth,803.56,53,137,19,6.8,22,3,0,3,6.5,0.1608,0
CUST-1127,Starter,168.92,68,311,22,32.2,7,3,1,0,5.4,0.01,1
CUST-1128,Starter,92.94,48,207,19,35.6,20,2,0,0,7.1,0.0673,0
CUST-1129,Starter,173.23,44,22,27,15.2,18,1,1,0,7.4,0.0694,1
CUST-1130,Growth,485.81,62,99,18,43.8,17,2,2,0,4.0,0.2858,1
CUST-1131,Starter,159.15,79,246,15,42.6,11,0,0,2,7.1,0.1182,0
CUST-1132,Enterprise,1610.95,33,59,14,22.4,3,0,0,0,8.6,0.01,0
CUST-1133,Growth,735.39,78,159,17,3.2,8,0,0,0,7.9,0.01,0
CUST-1134,Starter,118.88,25,283,18,46.4,26,2,0,0,10.0,0.043,0
CUST-1135,Growth,453.18,40,55,19,16.9,20,4,4,0,9.2,0.01,0
CUST-1136,Starter,181.97,88,182,15,20.3,8,3,0,0,9.5,0.283,0
CUST-1137,Enterprise,2568.0,92,79,15,11.9,8,2,0,0,10.0,0.01,0
CUST-1138,Growth,546.49,89,196,27,2.0,16,2,2,0,8.4,0.01,0
CUST-1139,Growth,974.34,32,88,19,0.0,11,4,0,1,7.5,0.01,0
CUST-1140,Starter,131.7,82,353,16,29.4,9,1,1,0,8.8,0.2368,0
CUST-1141,Growth,654.86,90,28,16,3.9,15,0,0,0,6.3,0.01,0
CUST-1142,Growth,699.75,94,352,20,73.1,15,1,1,0,7.4,0.1123,0
CUST-1143,Enterprise,2017.71,3,290,19,0.0,6,1,0,0,6.2,0.0258,0
CUST-1144,Growth,740.52,72,313,18,0.0,13,2,0,2,7.8,0.0527,0
CUST-1145,Starter,128.33,96,311,17,27.2,14,3,1,0,6.2,0.1477,0
CUST-1146,Starter,132.78,74,69,13,45.5,10,2,0,0,6.1,0.1686,0
CUST-1147,Starter,218.22,24,340,24,19.2,5,0,0,0,7.9,0.01,0
CUST-1148,Growth,484.96,74,217,15,28.3,8,2,2,0,7.0,0.0545,0
CUST-1149,Starter,75.82,11,352,20,0.0,4,1,1,1,4.1,0.01,0
CUST-1150,Starter,233.93,47,321,16,5.8,13,2,2,0,4.9,0.0451,0
CUST-1151,Growth,1325.1,61,212,21,0.0,2,2,2,0,5.4,0.01,0
CUST-1152,Enterprise,2142.54,45,137,11,0.0,28,2,2,0,5.8,0.0408,0
CUST-1153,Starter,86.63,68,43,20,20.1,24,3,3,1,7.9,0.01,0
CUST-1154,Growth,594.96,24,37,24,0.0,14,0,0,0,7.6,0.0395,0
CUST-1155,Starter,137.52,59,143,20,0.0,19,1,1,0,8.9,0.01,0
CUST-1156,Growth,615.39,63,297,18,8.3,18,2,1,1,8.4,0.0503,0
CUST-1157,Starter,109.09,62,185,26,3.0,11,0,0,0,8.9,0.01,0
CUST-1158,Growth,763.34,29,176,14,25.1,9,0,0,0,8.2,0.01,0
CUST-1159,Growth,751.67,31,90,21,23.5,8,3,3,0,7.5,0.1793,0
CUST-1160,Growth,427.09,26,207,19,34.1,28,1,0,1,9.0,0.159,0
CUST-1161,Starter,181.22,45,233,19,31.5,5,2,1,0,8.7,0.1496,0
CUST-1162,Enterprise,4264.05,57,359,15,38.5,5,3,3,0,7.8,0.255,0
CUST-1163,Starter,156.35,36,267,17,18.0,20,4,1,0,9.2,0.01,0
CUST-1164,Starter,135.57,40,222,21,23.5,19,1,0,0,3.4,0.242,0
CUST-1165,Growth,623.7,29,333,22,27.2,8,2,0,1,6.7,0.01,0
CUST-1166,Starter,177.01,22,156,19,20.5,15,3,1,0,6.7,0.1445,0
CUST-1167,Growth,399.75,64,342,15,10.9,17,1,1,0,9.0,0.01,0
CUST-1168,Growth,679.57,79,136,15,12.0,3,0,0,1,9.7,0.01,0
CUST-1169,Starter,133.57,29,47,18,3.3,25,1,1,0,4.9,0.0987,0
CUST-1170,Enterprise,4026.35,83,153,29,25.6,17,2,0,0,9.5,0.0948,0
CUST-1171,Starter,141.91,56,47,20,16.3,14,5,4,0,5.3,0.2579,1
CUST-1172,Growth,1035.29,17,44,24,6.1,17,1,1,1,5.4,0.0687,0
CUST-1173,Starter,109.39,36,322,20,6.1,13,2,2,0,6.8,0.049,0
CUST-1174,Enterprise,2828.94,2,291,20,0.0,10,2,2,0,6.7,0.064,0
CUST-1175,Starter,162.94,5,81,22,35.6,12,1,0,0,4.7,0.1034,0
CUST-1176,Starter,116.82,33,306,19,19.4,3,3,1,0,8.2,0.0724,0
CUST-1177,Starter,156.59,45,26,22,2.5,36,1,1,0,8.3,0.0311,0
CUST-1178,Enterprise,3370.21,77,104,14,32.6,10,3,3,0,8.9,0.1895,0
CUST-1179,Enterprise,2191.98,14,258,18,7.9,35,2,1,2,6.5,0.01,0
CUST-1180,Growth,404.11,81,111,22,0.0,12,4,4,2,7.1,0.1408,0
CUST-1181,Enterprise,2388.23,24,267,24,36.4,6,0,0,0,7.2,0.01,0
CUST-1182,Enterprise,1864.12,15,320,24,8.3,24,1,1,0,9.9,0.0328,0
CUST-1183,Growth,589.68,68,25,20,10.6,14,3,0,0,2.7,0.2836,0
CUST-1184,Starter,145.63,75,9,16,18.7,44,3,3,0,5.7,0.3787,1
CUST-1185,Growth,402.56,59,344,12,38.6,6,1,0,0,7.2,0.0412,0
CUST-1186,Growth,412.84,12,190,17,18.4,25,3,1,1,5.5,0.3329,1
CUST-1187,Starter,170.53,12,185,19,0.0,26,3,0,1,6.8,0.01,0
CUST-1188,Starter,128.71,39,170,16,27.8,18,0,0,0,7.0,0.01,0
CUST-1189,Growth,316.49,44,159,24,9.3,26,0,0,1,6.1,0.0932,0
CUST-1190,Starter,185.62,96,252,24,52.0,10,0,0,0,7.3,0.01,0
CUST-1191,Enterprise,2590.19,29,212,29,18.0,5,0,0,0,8.2,0.01,0
CUST-1192,Starter,122.0,20,60,13,0.0,7,2,2,0,6.8,0.1316,0
CUST-1193,Starter,103.05,91,229,19,24.4,11,2,0,0,6.5,0.1313,0
CUST-1194,Enterprise,3032.83,16,244,14,53.0,18,0,0,0,6.9,0.1281,0
CUST-1195,Starter,164.31,4,42,9,46.4,5,1,1,0,7.2,0.2184,0
CUST-1196,Starter,290.35,42,138,13,51.0,8,1,1,0,4.4,0.1614,0
CUST-1197,Growth,730.03,40,289,18,0.0,6,2,2,0,7.9,0.0673,0
CUST-1198,Enterprise,2675.2,60,226,16,34.4,21,0,0,0,6.5,0.01,0
CUST-1199,Starter,142.2,85,50,20,5.0,35,3,1,0,9.2,0.0225,0
CUST-1200,Starter,187.29,90,15,21,22.0,4,1,1,0,8.1,0.01,0
CUST-1201,Growth,773.14,29,213,18,0.0,16,3,1,0,9.1,0.1394,0
CUST-1202,Enterprise,3407.41,95,169,23,6.4,22,0,0,1,5.6,0.1702,0
CUST-1203,Growth,560.85,62,351,19,5.8,9,1,1,0,6.6,0.1551,0
CUST-1204,Starter,131.9,8,191,17,34.2,3,2,1,0,5.2,0.0411,0
CUST-1205,Starter,130.29,91,340,28,32.4,24,2,0,1,6.1,0.01,0
CUST-1206,Starter,185.93,15,79,20,23.0,3,2,0,0,9.2,0.1413,0
CUST-1207,Starter,226.67,57,164,16,0.0,29,2,0,0,9.6,0.0518,0
CUST-1208,Growth,570.75,77,51,37,12.4,6,0,0,0,5.4,0.0335,0
CUST-1209,Starter,132.29,25,210,18,4.6,2,2,2,0,6.5,0.01,0
CUST-1210,Growth,708.66,27,69,14,33.7,7,2,2,0,7.1,0.0708,0
CUST-1211,Growth,605.84,47,180,18,39.2,10,3,1,0,8.1,0.01,0
CUST-1212,Growth,847.26,86,126,17,37.0,12,1,1,0,4.4,0.1439,0
CUST-1213,Starter,79.32,23,68,13,4.4,17,2,0,0,4.6,0.1643,0
CUST-1214,Growth,514.89,65,36,28,0.0,13,1,1,1,8.0,0.1855,0
CUST-1215,Growth,521.32,44,187,19,0.0,33,3,0,1,4.1,0.1939,0
CUST-1216,Growth,338.91,12,346,18,43.6,10,1,0,1,6.5,0.01,0
CUST-1217,Starter,113.76,69,73,16,10.8,13,3,3,0,7.5,0.0506,0
CUST-1218,Starter,115.32,81,148,24,4.5,13,1,0,0,7.9,0.23,0
CUST-1219,Enterprise,2268.59,56,82,16,47.6,2,0,0,0,7.0,0.01,0
CUST-1220,Starter,203.48,18,296,17,40.8,4,3,1,0,6.6,0.0487,0
CUST-1221,Starter,139.12,16,152,34,18.4,11,4,3,0,8.6,0.1692,0
CUST-1222,Growth,486.29,42,356,16,12.7,15,1,0,0,7.7,0.066,0
CUST-1223,Growth,638.73,50,90,18,15.6,1,2,2,0,6.2,0.3114,1
CUST-1224,Enterprise,3219.54,54,30,21,22.1,34,1,0,1,7.3,0.0523,0
CUST-1225,Starter,113.37,25,213,21,46.8,16,2,0,0,7.8,0.01,0
CUST-1226,Enterprise,1859.87,49,238,17,25.6,11,3,1,0,9.9,0.1289,0
CUST-1227,Starter,174.22,30,362,22,31.1,15,1,1,0,8.5,0.01,0
CUST-1228,Growth,609.97,67,319,17,39.0,7,3,0,1,9.1,0.01,0
CUST-1229,Growth,778.0,77,323,20,0.0,12,1,0,0,6.2,0.01,0
CUST-1230,Starter,148.43,64,232,26,31.6,14,4,3,0,6.4,0.2489,0
CUST-1231,Starter,181.35,2,132,13,12.7,25,3,1,0,6.8,0.0884,0
CUST-1232,Starter,111.51,96,157,22,0.0,9,3,1,0,7.0,0.0456,0
CUST-1233,Enterprise,2391.89,4,49,20,0.0,3,2,0,1,5.6,0.01,0
CUST-1234,Growth,611.82,96,158,17,0.0,5,2,0,0,9.2,0.1227,0
CUST-1235,Enterprise,1707.48,5,134,19,27.6,9,0,0,0,8.6,0.4587,0
CUST-1236,Growth,418.91,51,14,14,20.0,3,1,0,0,6.7,0.0903,0
CUST-1237,Starter,180.54,12,75,16,21.3,5,1,1,1,8.2,0.0602,0
CUST-1238,Growth,588.26,11,196,13,53.1,5,1,0,0,7.6,0.01,0
CUST-1239,Starter,111.91,66,135,16,0.0,8,0,0,0,8.4,0.01,0
CUST-1240,Starter,145.04,71,363,16,17.5,15,2,0,0,5.0,0.01,0
CUST-1241,Growth,890.05,13,175,17,23.5,8,2,2,0,7.0,0.01,0
CUST-1242,Growth,342.69,94,350,17,4.7,16,2,1,0,7.1,0.01,0
CUST-1243,Starter,97.99,32,242,12,18.5,11,3,2,1,8.2,0.281,0
CUST-1244,Growth,501.21,32,15,15,0.0,5,1,0,0,6.2,0.1597,0
CUST-1245,Growth,977.07,30,75,19,43.4,14,1,1,1,3.2,0.2602,1
CUST-1246,Enterprise,2597.61,45,258,16,5.7,12,1,1,0,5.5,0.01,0
CUST-1247,Growth,804.55,18,199,25,54.6,16,1,0,0,7.1,0.2399,0
CUST-1248,Starter,108.28,42,111,23,17.4,19,0,0,0,7.3,0.01,0
CUST-1249,Starter,108.91,21,191,21,36.5,25,3,2,1,9.9,0.01,0
CUST-1250,Starter,168.9,6,330,20,17.0,16,1,0,0,8.1,0.0816,0
CUST-1251,Growth,659.68,37,142,12,17.4,12,2,2,0,7.3,0.1521,0
CUST-1252,Enterprise,2798.59,65,17,18,7.5,16,1,0,0,7.1,0.01,0
CUST-1253,Starter,141.37,74,114,18,20.1,7,1,1,0,9.0,0.01,0
CUST-1254,Starter,161.07,35,342,18,23.7,7,0,0,1,6.3,0.01,0
CUST-1255,Starter,155.74,32,279,25,3.9,27,3,2,0,7.0,0.1145,0
CUST-1256,Growth,806.91,76,306,25,15.7,7,1,1,1,5.5,0.01,0
CUST-1257,Growth,813.54,66,333,17,7.0,5,1,0,0,9.5,0.01,0
CUST-1258,Starter,94.67,81,43,18,59.4,16,1,1,0,7.8,0.1629,1
CUST-1259,Starter,79.42,88,104,19,16.4,7,1,1,0,6.1,0.01,0
CUST-1260,Growth,859.13,80,22,17,45.8,19,2,2,0,7.0,0.313,0
CUST-1261,Starter,207.79,90,2,18,14.5,24,6,5,0,8.0,0.0642,0
CUST-1262,Growth,487.68,41,305,24,22.7,6,2,0,0,6.8,0.01,0
CUST-1263,Starter,88.52,39,342,19,0.0,17,0,0,0,6.3,0.0799,0
CUST-1264,Starter,153.19,32,57,24,10.0,7,1,1,0,6.2,0.0334,0
CUST-1265,Enterprise,3114.61,24,264,16,21.8,9,2,2,1,7.7,0.1823,0
CUST-1266,Starter,246.48,73,196,13,46.5,13,2,0,1,6.6,0.0489,0
CUST-1267,Starter,172.17,69,26,22,22.0,7,2,2,0,6.5,0.01,0
CUST-1268,Starter,134.27,78,335,20,42.9,13,1,1,0,5.1,0.2216,1
CUST-1269,Starter,116.03,17,319,11,29.5,10,2,0,0,7.3,0.01,0
CUST-1270,Starter,149.48,48,208,16,47.3,19,1,0,0,6.9,0.2752,0
CUST-1271,Starter,137.02,23,259,25,16.9,19,2,1,0,6.7,0.1595,0
CUST-1272,Starter,112.14,86,145,17,61.0,7,1,0,0,7.5,0.1241,0
CUST-1273,Starter,264.44,27,290,22,9.3,14,2,2,0,8.4,0.01,0
CUST-1274,Growth,1069.86,15,163,14,4.2,21,2,2,0,8.3,0.01,1
CUST-1275,Growth,892.05,56,362,25,0.0,4,1,1,0,8.1,0.01,0
CUST-1276,Starter,115.14,85,24,27,60.0,9,1,1,0,6.8,0.0545,1
CUST-1277,Starter,189.3,88,63,28,32.8,13,3,1,0,6.3,0.01,0
CUST-1278,Growth,776.29,11,354,17,12.0,4,1,1,0,5.5,0.1094,0
CUST-1279,Enterprise,2716.6,32,106,18,40.5,8,1,1,0,6.3,0.1303,0
CUST-1280,Enterprise,3405.44,16,114,26,30.4,31,3,0,0,7.2,0.01,1
CUST-1281,Starter,178.01,31,289,22,53.4,7,1,0,0,5.9,0.1897,0
CUST-1282,Starter,183.3,52,70,17,0.0,7,2,2,0,7.4,0.0592,0
CUST-1283,Starter,178.09,28,188,13,13.2,16,2,2,0,5.7,0.2607,0
CUST-1284,Starter,163.92,8,105,17,9.7,4,3,3,1,4.5,0.2796,0
CUST-1285,Growth,393.87,50,73,16,0.0,10,2,0,1,8.5,0.1137,0
CUST-1286,Starter,152.53,7,352,17,37.1,5,2,1,0,6.4,0.1268,0
CUST-1287,Starter,127.51,23,73,17,13.1,13,6,0,0,5.9,0.1364,0
CUST-1288,Starter,104.12,2,35,16,31.3,0,1,1,0,5.4,0.01,0
CUST-1289,Growth,1039.34,10,246,17,60.5,11,3,2,0,7.9,0.2517,0
CUST-1290,Starter,241.79,43,317,19,11.6,13,1,0,1,9.4,0.01,0
CUST-1291,Enterprise,3511.53,82,47,17,10.4,8,1,0,0,6.6,0.01,0
CUST-1292,Starter,160.04,75,259,31,20.1,8,3,2,0,6.9,0.0657,0
CUST-1293,Enterprise,3503.08,11,198,26,35.8,7,3,3,0,8.9,0.1232,0
CUST-1294,Starter,149.5,5,303,10,7.8,10,2,2,1,4.3,0.1633,0
CUST-1295,Enterprise,2540.22,34,47,18,6.6,28,2,2,0,10.0,0.01,0
CUST-1296,Enterprise,1767.02,63,357,20,37.0,19,0,0,2,10.0,0.01,0
CUST-1297,Enterprise,2682.17,72,226,22,24.8,10,1,1,0,2.9,0.1873,0
CUST-1298,Growth,660.07,80,308,21,0.0,8,3,3,1,7.0,0.0839,0
CUST-1299,Growth,450.65,34,133,22,0.0,18,1,1,0,6.0,0.01,0
CUST-1300,Growth,639.76,17,345,25,45.0,12,2,2,0,6.8,0.1144,0
CUST-1301,Growth,634.67,4,229,20,25.2,4,0,0,2,6.5,0.01,0
CUST-1302,Starter,246.48,15,47,24,4.3,9,2,1,0,8.5,0.01,0
CUST-1303,Growth,833.65,8,337,18,14.9,26,3,3,0,7.0,0.0344,0
CUST-1304,Growth,651.08,83,291,17,18.2,15,4,4,0,5.7,0.1435,0
CUST-1305,Enterprise,2573.15,27,110,15,31.2,8,1,0,1,6.9,0.2282,0
CUST-1306,Starter,150.86,80,200,25,0.0,3,1,1,0,8.0,0.01,0
CUST-1307,Starter,140.77,54,142,15,2.9,12,0,0,0,5.3,0.0809,0
CUST-1308,Growth,479.31,53,199,20,22.9,11,0,0,0,4.6,0.2625,0
CUST-1309,Starter,142.83,45,353,16,16.2,9,2,1,1,10.0,0.145,0
CUST-1310,Starter,120.91,79,329,22,28.3,18,3,0,1,6.2,0.0845,0
CUST-1311,Starter,104.99,6,79,28,0.0,15,3,0,0,7.0,0.01,0
CUST-1312,Starter,171.93,10,355,19,24.4,3,1,0,0,6.6,0.01,0
CUST-1313,Starter,166.25,42,160,18,37.6,11,2,2,0,8.1,0.0204,0
CUST-1314,Starter,90.35,39,258,19,26.8,3,1,1,0,10.0,0.01,0
CUST-1315,Starter,143.97,53,279,20,20.5,7,1,0,0,8.1,0.01,0
CUST-1316,Starter,196.91,72,177,17,16.3,3,1,1,0,4.8,0.01,0
CUST-1317,Starter,200.44,57,167,17,3.0,3,3,2,1,5.0,0.0415,0
CUST-1318,Growth,864.95,26,167,14,16.7,14,0,0,0,6.6,0.0699,0
CUST-1319,Starter,150.63,33,315,19,40.7,13,1,1,1,6.8,0.01,0
CUST-1320,Enterprise,1894.31,73,142,7,15.9,10,1,1,1,4.4,0.0605,0
CUST-1321,Enterprise,1771.87,21,103,18,2.0,7,4,4,0,8.5,0.01,0
CUST-1322,Growth,714.74,49,132,15,9.1,3,0,0,0,5.5,0.01,0
CUST-1323,Starter,165.69,53,72,20,21.6,7,4,2,1,9.6,0.2176,0
CUST-1324,Growth,930.65,73,143,20,11.3,13,2,1,0,10.0,0.0175,0
CUST-1325,Enterprise,3265.66,69,42,24,26.7,12,1,1,1,6.8,0.01,0
CUST-1326,Growth,625.41,46,33,18,27.4,25,1,0,1,7.9,0.0746,0
CUST-1327,Growth,458.09,31,265,25,34.0,23,0,0,3,5.2,0.5542,0
CUST-1328,Growth,593.53,36,29,20,43.6,10,0,0,1,8.2,0.0786,1
CUST-1329,Growth,689.7,41,208,14,35.9,7,1,1,0,6.4,0.01,1
CUST-1330,Starter,140.8,22,285,22,1.2,5,0,0,0,5.5,0.2024,0
CUST-1331,Growth,552.04,61,265,22,1.7,3,1,0,1,6.7,0.01,0
CUST-1332,Starter,159.93,21,163,12,16.6,4,3,3,0,6.5,0.1373,0
CUST-1333,Growth,563.59,63,71,15,9.9,13,1,1,0,6.7,0.0253,0
CUST-1334,Enterprise,2012.97,73,340,18,0.0,16,1,1,0,8.7,0.0638,0
CUST-1335,Starter,162.58,93,305,19,10.0,8,0,0,1,5.9,0.2118,0
CUST-1336,Growth,579.91,13,224,24,9.5,43,1,1,0,10.0,0.0764,0
CUST-1337,Starter,159.54,74,32,19,5.9,4,0,0,1,5.1,0.01,0
CUST-1338,Growth,700.59,10,13,21,12.3,2,2,2,1,9.8,0.1791,0
CUST-1339,Starter,108.3,34,116,16,39.2,43,0,0,2,5.6,0.3106,1
CUST-1340,Enterprise,2097.45,18,58,17,21.6,3,1,1,0,7.2,0.0269,0
CUST-1341,Starter,222.86,17,315,18,62.5,8,3,2,0,6.4,0.161,1
CUST-1342,Enterprise,1733.4,18,76,16,21.1,6,2,1,0,6.7,0.01,0
CUST-1343,Growth,358.8,6,104,17,12.8,13,0,0,1,8.5,0.0148,0
CUST-1344,Growth,385.34,80,357,25,18.1,8,2,1,0,9.6,0.0346,0
CUST-1345,Growth,654.31,7,299,13,22.6,16,1,1,0,9.1,0.01,0
CUST-1346,Growth,654.64,39,80,24,25.8,19,1,1,0,6.6,0.0737,0
CUST-1347,Enterprise,2322.25,68,140,14,55.4,3,2,2,1,7.5,0.1065,0
CUST-1348,Starter,209.33,96,189,22,2.8,5,0,0,0,5.9,0.1337,0
CUST-1349,Growth,307.06,83,243,20,33.5,17,2,2,0,5.6,0.0204,0
CUST-1350,Starter,166.47,15,342,17,21.7,21,2,2,1,5.4,0.0153,0
CUST-1351,Growth,1004.89,95,318,16,0.0,12,3,1,0,6.5,0.01,0
CUST-1352,Starter,108.65,64,357,13,31.9,14,1,0,0,7.6,0.01,0
CUST-1353,Growth,583.52,19,15,20,40.8,26,1,0,0,4.1,0.4125,0
CUST-1354,Growth,525.64,44,87,23,2.6,8,2,2,1,7.1,0.0184,0
CUST-1355,Starter,115.99,89,206,20,17.8,12,3,3,0,9.6,0.01,0
CUST-1356,Growth,592.34,39,18,17,0.0,23,6,3,1,9.0,0.1837,0
CUST-1357,Growth,967.9,19,130,18,0.0,24,1,1,0,6.3,0.01,0
CUST-1358,Growth,1085.61,85,57,19,36.9,10,4,0,0,5.0,0.01,0
CUST-1359,Growth,590.74,92,341,15,9.6,5,1,1,0,7.9,0.0391,0
CUST-1360,Growth,1106.38,94,24,13,0.0,9,2,2,1,3.5,0.0966,1
CUST-1361,Enterprise,2424.03,92,55,23,22.1,10,2,1,2,9.0,0.01,0
CUST-1362,Starter,243.47,84,72,11,8.6,5,5,4,0,6.9,0.1535,0
CUST-1363,Starter,145.16,45,55,21,9.5,6,1,0,0,10.0,0.0463,0
CUST-1364,Starter,154.57,20,208,20,31.3,24,3,2,1,4.4,0.2785,1
CUST-1365,Growth,718.93,60,133,20,0.0,15,0,0,0,8.7,0.01,0
CUST-1366,Starter,362.86,22,334,18,1.7,8,3,2,0,7.0,0.01,0
CUST-1367,Growth,823.69,46,96,15,20.8,4,1,1,2,6.7,0.2732,0
CUST-1368,Growth,532.4,64,197,19,35.4,6,1,0,0,5.0,0.124,0
CUST-1369,Starter,195.44,91,241,9,40.3,2,2,0,0,8.2,0.01,0
CUST-1370,Enterprise,2168.76,29,229,20,6.0,12,0,0,0,8.3,0.063,0
CUST-1371,Growth,565.84,25,291,21,34.9,6,2,1,0,10.0,0.01,0
CUST-1372,Starter,192.17,71,74,21,3.9,13,0,0,1,8.8,0.01,0
CUST-1373,Starter,150.3,2,186,21,50.9,17,2,0,0,6.2,0.1746,0
CUST-1374,Starter,161.09,55,293,20,0.0,13,0,0,0,5.6,0.0487,0
CUST-1375,Starter,149.58,72,316,16,41.9,7,0,0,0,5.0,0.0658,0
CUST-1376,Starter,163.73,54,226,25,6.2,5,3,1,0,9.6,0.0169,0
CUST-1377,Enterprise,2703.26,38,238,12,54.2,4,2,1,0,6.0,0.1441,0
CUST-1378,Starter,86.63,80,316,15,28.6,22,0,0,1,9.6,0.01,0
CUST-1379,Starter,179.57,37,229,24,0.0,12,3,1,0,8.0,0.01,0
CUST-1380,Growth,492.98,69,347,20,8.6,8,2,1,0,7.7,0.01,0
CUST-1381,Growth,433.37,46,47,18,32.1,15,0,0,0,6.7,0.0353,0
CUST-1382,Enterprise,2361.07,4,127,22,36.9,20,2,1,0,8.3,0.0969,0
CUST-1383,Growth,664.44,52,41,17,16.7,6,0,0,1,7.2,0.051,0
CUST-1384,Starter,122.7,6,34,13,18.8,12,3,2,1,6.6,0.01,0
CUST-1385,Starter,188.04,90,173,19,31.7,12,6,2,0,8.3,0.01,0
CUST-1386,Enterprise,1648.16,59,83,12,20.4,26,1,1,0,7.0,0.0734,0
CUST-1387,Growth,579.11,37,149,24,0.0,8,2,1,0,5.9,0.1604,0
CUST-1388,Enterprise,2037.46,48,160,13,3.4,5,0,0,1,8.2,0.0182,0
CUST-1389,Starter,147.07,60,227,30,22.2,13,6,5,0,7.1,0.0671,0
CUST-1390,Enterprise,2594.91,26,346,25,39.9,16,0,0,1,8.0,0.0724,0
CUST-1391,Growth,489.42,29,311,20,47.1,11,1,0,0,6.5,0.01,0
CUST-1392,Starter,182.5,41,139,24,32.0,27,3,0,1,5.3,0.2403,0
CUST-1393,Growth,660.55,26,119,16,23.2,8,1,0,1,10.0,0.0416,0
CUST-1394,Growth,382.1,74,282,19,31.5,12,2,1,0,9.7,0.01,0
CUST-1395,Starter,86.1,11,46,18,6.0,3,1,0,1,8.6,0.01,0
CUST-1396,Starter,148.49,80,198,13,15.2,5,2,0,0,6.6,0.01,0
CUST-1397,Growth,610.06,35,155,15,3.2,6,1,0,0,6.7,0.1485,0
CUST-1398,Starter,144.75,55,67,14,0.0,9,4,3,0,9.4,0.01,0
CUST-1399,Starter,147.84,16,226,20,24.0,3,2,2,0,6.6,0.0705,0
CUST-1400,Starter,158.71,38,118,14,21.3,15,2,0,0,6.2,0.0898,0
CUST-1401,Starter,194.28,73,68,17,30.4,5,1,0,1,10.0,0.01,0
CUST-1402,Enterprise,1758.32,27,239,26,27.8,39,1,1,0,7.1,0.0994,0
CUST-1403,Growth,467.44,14,64,24,22.4,6,2,1,0,10.0,0.0403,0
CUST-1404,Starter,109.71,51,246,21,28.0,11,0,0,1,5.0,0.01,0
CUST-1405,Enterprise,2602.22,17,60,22,17.2,10,2,2,0,8.0,0.0547,0
CUST-1406,Enterprise,3400.95,31,159,23,25.4,4,2,1,0,10.0,0.01,0
CUST-1407,Starter,132.05,44,295,19,4.9,9,2,2,0,7.2,0.0148,0
CUST-1408,Enterprise,1191.24,55,84,17,24.7,9,1,1,0,6.8,0.0324,0
CUST-1409,Starter,92.46,62,281,19,30.0,19,1,0,1,5.3,0.0902,1
CUST-1410,Enterprise,1900.69,66,264,32,5.9,13,2,2,0,8.9,0.1415,0
CUST-1411,Growth,555.17,82,330,17,18.9,15,6,2,0,6.0,0.01,0
CUST-1412,Growth,578.87,8,62,19,6.8,18,2,1,0,7.0,0.01,0
CUST-1413,Starter,150.62,36,262,16,8.5,15,1,1,0,5.2,0.0936,0
CUST-1414,Enterprise,2199.39,2,342,18,0.0,12,2,1,1,9.7,0.0683,0
CUST-1415,Starter,199.89,2,279,20,40.8,6,0,0,1,9.0,0.074,0
CUST-1416,Starter,123.31,22,69,22,37.2,11,0,0,0,7.1,0.3207,0
CUST-1417,Starter,117.04,58,301,20,27.7,5,4,2,0,5.4,0.1663,0
CUST-1418,Growth,742.13,86,40,8,53.5,9,2,0,0,9.7,0.1392,0
CUST-1419,Starter,96.93,75,215,22,14.6,8,1,0,1,6.6,0.01,0
CUST-1420,Enterprise,2676.69,63,182,20,72.6,9,2,2,0,5.4,0.2134,0
CUST-1421,Growth,667.91,75,194,11,13.9,3,2,2,0,4.4,0.0105,0
CUST-1422,Starter,142.97,18,190,17,22.6,0,1,1,0,6.2,0.131,0
CUST-1423,Starter,232.45,81,12,18,10.8,7,0,0,1,4.9,0.1098,0
CUST-1424,Starter,125.18,86,186,21,24.7,21,1,1,0,6.2,0.094,0
CUST-1425,Growth,1155.53,11,342,12,33.0,11,0,0,0,8.4,0.0183,0
CUST-1426,Growth,609.3,46,160,18,15.9,20,1,1,0,6.6,0.01,0
CUST-1427,Starter,104.21,80,102,18,50.0,5,2,1,0,7.8,0.012,1
CUST-1428,Enterprise,2447.45,47,364,20,22.3,7,1,0,0,6.0,0.0943,0
CUST-1429,Starter,110.23,81,37,21,22.9,40,1,0,0,7.3,0.1035,0
CUST-1430,Growth,525.81,90,178,19,1.6,5,2,0,0,10.0,0.01,0
CUST-1431,Enterprise,2682.2,47,188,16,25.5,15,0,0,0,6.6,0.0995,0
CUST-1432,Growth,758.24,7,175,15,15.6,15,1,0,1,7.8,0.01,0
CUST-1433,Growth,545.24,34,337,20,7.1,14,2,2,0,4.7,0.105,1
CUST-1434,Enterprise,3164.33,22,154,20,4.0,15,0,0,0,9.6,0.01,0
CUST-1435,Starter,206.04,47,356,16,66.1,5,1,0,0,6.4,0.2656,0
CUST-1436,Starter,222.76,57,25,12,13.3,8,3,2,1,8.9,0.024,1
CUST-1437,Starter,172.81,46,268,25,0.0,1,2,0,0,7.0,0.0103,0
CUST-1438,Growth,950.69,20,217,19,5.4,26,1,1,2,8.2,0.1455,0
CUST-1439,Growth,383.3,30,88,18,17.1,15,2,1,0,8.3,0.01,0
CUST-1440,Growth,593.73,66,84,24,27.8,6,2,0,0,6.5,0.01,0
CUST-1441,Enterprise,1882.7,4,263,22,28.0,5,1,0,0,8.9,0.01,0
CUST-1442,Starter,154.06,22,233,20,30.2,22,1,0,0,6.0,0.01,0
CUST-1443,Growth,553.04,86,224,16,6.4,5,3,3,0,8.4,0.01,0
CUST-1444,Starter,142.23,11,19,22,24.1,6,3,2,1,6.6,0.3352,0
CUST-1445,Starter,252.38,41,219,21,2.2,4,2,2,0,7.8,0.01,0
CUST-1446,Growth,618.88,21,359,23,6.8,17,0,0,0,6.5,0.0805,0
CUST-1447,Enterprise,2694.82,11,7,18,1.5,20,2,2,0,7.3,0.1034,0
CUST-1448,Growth,608.14,42,172,18,0.0,8,0,0,0,5.5,0.01,0
CUST-1449,Starter,152.19,51,181,12,37.2,20,2,0,1,7.6,0.1206,1
CUST-1450,Growth,650.09,18,328,24,30.4,13,2,2,1,7.3,0.01,0
CUST-1451,Starter,168.93,9,104,18,35.6,4,2,0,1,6.3,0.1155,0
CUST-1452,Enterprise,3325.95,14,174,19,18.7,25,4,4,1,7.1,0.2076,0
CUST-1453,Growth,1029.37,63,262,25,32.0,4,3,3,0,7.4,0.0317,0
CUST-1454,Starter,162.49,83,23,20,0.0,9,2,2,0,6.2,0.01,0
CUST-1455,Starter,175.74,19,293,20,33.5,8,4,4,1,7.0,0.1467,0
CUST-1456,Starter,107.95,32,301,18,21.2,7,3,3,1,5.6,0.2358,0
CUST-1457,Enterprise,2341.67,34,263,20,29.3,1,1,1,1,10.0,0.01,0
CUST-1458,Starter,193.88,36,237,19,24.8,35,0,0,0,8.9,0.01,0
CUST-1459,Growth,827.08,25,273,22,0.2,2,1,0,1,7.6,0.0587,0
CUST-1460,Growth,688.62,7,286,14,0.0,26,3,0,0,9.1,0.0571,0
CUST-1461,Growth,831.83,51,330,16,5.2,5,1,1,0,4.0,0.01,0
CUST-1462,Starter,170.95,35,157,15,28.2,6,2,0,1,3.1,0.3513,0
CUST-1463,Enterprise,3358.7,34,167,16,30.4,24,1,0,0,6.6,0.0815,0
CUST-1464,Starter,161.57,27,233,28,0.0,14,1,0,0,5.0,0.0888,0
CUST-1465,Growth,587.48,90,71,25,0.3,3,0,0,1,6.8,0.01,0
CUST-1466,Growth,712.99,59,313,24,5.0,3,2,1,1,7.5,0.01,0
CUST-1467,Growth,285.68,41,282,18,11.6,13,0,0,2,8.7,0.0995,0
CUST-1468,Enterprise,2671.6,21,231,21,0.0,4,2,2,0,5.4,0.01,0
CUST-1469,Starter,53.65,78,111,17,0.0,14,0,0,0,7.8,0.0521,0
CUST-1470,Growth,400.56,86,127,22,3.2,15,5,5,1,7.2,0.1671,0
CUST-1471,Starter,169.09,5,159,25,19.6,5,3,2,0,7.8,0.0737,0
CUST-1472,Starter,170.32,90,242,14,0.0,7,2,1,1,6.4,0.01,0
CUST-1473,Starter,107.6,68,284,33,15.9,13,3,2,1,9.4,0.104,0
CUST-1474,Starter,122.07,11,246,15,37.1,5,0,0,0,7.0,0.01,0
CUST-1475,Starter,218.7,73,340,24,0.0,11,3,1,0,10.0,0.2352,0
CUST-1476,Starter,130.11,12,351,19,14.3,42,2,1,0,5.9,0.3472,0
CUST-1477,Starter,279.21,6,258,17,36.4,13,0,0,0,8.4,0.1963,0
CUST-1478,Growth,648.65,12,136,14,10.5,7,4,4,1,7.1,0.3063,1
CUST-1479,Growth,727.55,45,219,23,7.7,37,3,1,0,6.7,0.0252,0
CUST-1480,Starter,234.32,60,156,18,38.9,18,2,1,1,8.2,0.1657,0
CUST-1481,Starter,154.57,40,230,20,12.5,4,1,1,0,6.7,0.01,0
CUST-1482,Starter,112.54,13,297,16,37.9,5,3,2,1,2.9,0.2126,0
CUST-1483,Growth,629.36,20,135,14,25.7,2,1,0,0,2.3,0.2676,0
CUST-1484,Starter,147.52,82,185,22,11.8,13,2,0,0,9.2,0.1171,0
CUST-1485,Starter,101.68,93,17,14,26.6,1,3,2,1,9.2,0.1284,1
CUST-1486,Starter,138.7,73,269,17,23.8,37,1,1,0,10.0,0.01,0
CUST-1487,Starter,121.04,11,179,15,36.4,8,1,1,1,7.2,0.01,0
CUST-1488,Starter,193.01,79,168,19,8.1,19,0,0,0,5.1,0.01,0
CUST-1489,Growth,655.32,67,195,15,18.7,8,0,0,1,6.5,0.1345,0
CUST-1490,Growth,599.59,51,79,24,16.9,13,2,2,0,7.2,0.01,0
CUST-1491,Growth,629.99,15,219,21,30.7,9,0,0,0,5.6,0.0676,0
CUST-1492,Growth,690.84,96,272,12,0.0,10,3,2,1,9.8,0.01,0
CUST-1493,Growth,771.35,44,128,18,36.3,23,2,1,0,10.0,0.01,0
CUST-1494,Starter,112.62,6,48,14,26.4,30,1,0,0,8.0,0.0682,0
CUST-1495,Growth,484.83,21,142,25,0.0,29,1,0,0,7.2,0.01,0
CUST-1496,Growth,884.25,40,73,22,39.7,63,3,3,1,5.1,0.7368,0
CUST-1497,Starter,132.75,7,137,21,58.2,6,1,0,0,9.7,0.01,1
CUST-1498,Growth,436.47,32,229,16,36.0,13,2,2,0,7.3,0.0336,0
CUST-1499,Starter,168.72,46,42,13,43.7,6,2,0,0,6.7,0.01,0
CUST-1500,Growth,738.91,92,273,21,19.5,22,1,0,0,8.0,0.01,0
